"dataset","feature_class","samples","total_features","class_features","sd_25","sd_50","sd_75"
"HMP1-2 taxonomy stool","Common",548,1943,260,0.0102161719102458,0.0178508864818815,0.0359311822656861
"HMP1-2 taxonomy stool","Rare",548,1943,1683,0.0059002771502234,0.0125681775152531,0.025490756843026
"HMP1-2 taxonomy oral","Common",1284,968,231,0.0260461060564378,0.0401553682356507,0.0597311883992015
"HMP1-2 taxonomy oral","Rare",1284,968,737,0.00700872244045035,0.0164752145028401,0.0281380911041492
"HMP1-2 taxonomy skin","Common",320,951,26,0.0632527649387756,0.085986297091648,0.15017042920065
"HMP1-2 taxonomy skin","Rare",320,951,925,0.00917172285958098,0.0230805666852684,0.0477623652516047
"HMP1-2 taxonomy vaginal","Common",233,543,9,0.0638738180672725,0.265693082320086,0.427653998236697
"HMP1-2 taxonomy vaginal","Rare",233,543,534,0.0103508925772568,0.0266668597748216,0.0498385567428392
"HMP1-2 ECs stool","Common",547,2487,1513,0.00282869091423713,0.00437302924322792,0.00610044051434622
"HMP1-2 ECs stool","Rare",547,2487,974,0.00047911482024877,0.00101455034368218,0.00194496939359338
